email,password
bajerowska@bestclean.pl,Best1234+
brzozowska@bestclean.pl,Best1234+
chrzan@bestclean.pl,Best1234+
cisak@bestclean.pl,Best1234+
czajka@bestclean.pl,Best1234+
depta@bestclean.pl,Best1234+
dudek2@bestclean.pl,Best1234+
dudek3@bestclean.pl,Best1234+
dudek@bestclean.pl,Best1234+
durczok@bestclean.pl,Best1234+
ewa.jablonska@bestclean.pl,Best1234+
fojcik@bestclean.pl,Best1234+
franosz@bestclean.pl,Best1234+
glinska@bestclean.pl,Best1234+
gosia@bestclean.pl,Best1234+
gryzowska@bestclean.pl,Best1234+
jablonska@bestclean.pl,Best1234+
justyna.smolka@bestclean.pl,Best1234+
justynasmolka@bestclean.pl,Best1234+
kowalski@bestclean.pl,Best1234+
kustos@bestclean.pl,Best1234+
kuznik@bestclean.pl,Best1234+
lach@bestclean.pl,Best1234+
lasek@bestclean.pl,Best1234+
lewandowska@bestclean.pl,Best1234+
majcherczyk@bestclean.pl,Best1234+
malcher@bestclean.pl,Best1234+
marszalek@bestclean.pl,Best1234+
moik@bestclean.pl,Best1234+
nieslanczyk@bestclean.pl,Best1234+
ochojska@bestclean.pl,Best1234+
orzol@bestclean.pl,Best1234+
ostrowska@bestclean.pl,Best1234+
pieniazek@bestclean.pl,Best1234+
piprek@bestclean.pl,Best1234+
pluta@bestclean.pl,Best1234+
przesdzienk@bestclean.pl,Best1234+
radecka@bestclean.pl,Best1234+
rafal.dudek@bestclean.pl,Best1234+
rapacz@bestclean.pl,Best1234+
romana.marszalek@bestclean.pl,Best1234+
sabina.dudek@bestclean.pl,Best1234+
sobik@bestclean.pl,Best1234+
stolarczyk@bestclean.pl,Best1234+
szefczyk@bestclean.pl,Best1234+
tarakanova@bestclean.pl,Best1234+
taube@bestclean.pl,Best1234+
tomczak@bestclean.pl,Best1234+
trybus@bestclean.pl,Best1234+
wachowicz@bestclean.pl,Best1234+
wodecka@bestclean.pl,Best1234+
wozniak@bestclean.pl,Best1234+
wuwer@bestclean.pl,Best1234+
wygnal@bestclean.pl,Best1234+
wysocka@bestclean.pl,Best1234+
zabielska-tyrkus@bestclean.pl,Best1234+
